<?xml version="1.0" encoding="utf-8" ?>
<!-- Copyright 2017 Yahoo Holdings. Licensed under the terms of the Apache 
	2.0 license. See LICENSE in the project root. -->
<services version="1.0">
	  <admin version="2.0">
    <adminserver hostalias="admin0"/>
    <configservers>
      <configserver hostalias="admin0"/>
    </configservers>
  </admin>

	<container id="container" version="1.0">
		<document-api />
		<search>
			<chain id="DedupeSearcher" inherits="vespa">
				<searcher id="ai.lumiq.dedupe.searcher.DedupeSearcher"
					bundle="dedupe-vespa-app" />
			</chain>

			<renderer id="DedupeRenderer"
					  class="ai.lumiq.dedupe.renderer.DedupeRenderer" bundle="dedupe-vespa-app" />
		</search>
    <nodes>

		<node hostalias="admin0"/>


    </nodes>
	</container>

	<content id="content" version="1.0">
		<documents>

			<!--version 1 docs starts-->
			<document type="golden_profiles" mode="index" />
			<document type="partial_match_archive" mode="index" />
			<document type="exact_matches" mode="index" />
			<document type="partial_matches" mode="index" />
			<document type="profile_mapping" mode="index" />
			<document type="profile_history" mode="index" />
			<!--version 1 docs ends-->
			
			
		</documents>
		<redundancy>1</redundancy>
		     <engine>
		      <proton>
		        <searchable-copies>1</searchable-copies>
    			<resource-limits>
				    <disk>0.90</disk>
				    <memory>0.90</memory>
                </resource-limits>
                <tuning>
				    <searchnode>
					<feeding>
					    <concurrency>0.70</concurrency>
					</feeding>
				    </searchnode>
				</tuning>
		      </proton>
		     </engine>
		    <group name="top-group">
		      <distribution partitions="*"/>
		      <group name="group0" distribution-key="0">
		        <node hostalias="admin0" distribution-key="0"/>

		      </group>

		    </group>
	</content>
</services>